{
  "qecdtlogo2": {
    "name": "QECDTlogo2",
    "url": "https://www.bristol.ac.uk/quantum-engineering/"
  },
  "nqcc-logo-blue-text": {
    "name": "NQCC+Logo+Blue+Text",
    "url": "https://www.nqcc.ac.uk/"
  },
  "iop-logo-transparent-black": {
    "name": "IOP-Logo-transparent-black",
    "url": "https://ioppublishing.org/"
  },
  "light-2btrace-2bphotonics-2blogo": {
    "name": "Light%2BTrace%2BPhotonics%2Blogo",
    "url": "https://www.ltphotonics.co.uk/"
  },
  "sparrow-quantum": {
    "name": "Sparrow+Quantum",
    "url": "https://sparrowquantum.com/"
  },
  "quantinuum2": {
    "name": "quantinuum2",
    "url": "https://www.quantinuum.com/company/careers"
  },
  "phasecraft": {
    "name": "Phasecraft",
    "url": "https://www.phasecraft.io/"
  },
  "logo-qetlabs-purple": {
    "name": "LOGO_QETLABS_PURPLE",
    "url": "https://www.bristol.ac.uk/qet-labs/"
  },
  "jake-bulmer": {
    "name": "Jake+Bulmer",
    "url": null
  }
}